España,Cataluña,Lérida,Alta Ribagorza,Valle de Boí,Boí,Besiberri Norte (3.014m) desde Cavallers por río Malo,Ascensiones alta montaña;Cimas de 3.000m,Alta (PD+),Rutas de alta montaña con trepadas (nociones de escalada) generalmente con generosos agarres. La cuerda puede ser necesaria.,13 km,1.730,3.014,+800m | +514m / -1.314m,2:40h | 6:10h,Embalse de Cavallers,Caldes de Boí,https://www.rutaspirineos.org/rutas/besiberri-nord-desde-cavallers-por-riu-malo,C:\Users\jessi\OneDrive\Escritorio\MÁSTER-UOC\TFM\TFM-Arquitectura-RAG\TFM-Arquitectura-RAG\download_pdf\RUTAS-PIRINEOS-besiberri-nord-desde-cavallers-por-riu-malo_es.pdf,09/11/2025
España,Cataluña,Lérida,Alta Ribagorza,Valle de Boí,Boí,Besiberri Sur (3.024m) y Comaloforno (3.029m) por los lagos de Gémena,Ascensiones alta montaña;Crestas y corredores;Cimas de 3.000m,Alta (F+),"Rutas de alta montaña con trepadas fáciles y con buenos agarres, por lo que es necesario usar las manos para progresar.",15 km,1.497,3.029,1.600m,10:10h,Aparcamiento de Toirigo,Boí,https://www.rutaspirineos.org/rutas/besiberri-sud-y-comaloforno-por-los-estanys-de-gemena,C:\Users\jessi\OneDrive\Escritorio\MÁSTER-UOC\TFM\TFM-Arquitectura-RAG\TFM-Arquitectura-RAG\download_pdf\RUTAS-PIRINEOS-besiberri-sud-y-comaloforno-por-los-estanys-de-gemena_es.pdf,09/11/2025
España,Cataluña,Lérida,Alta Ribagorza,Pont de Suert y valle de Viu,Pont de Suert,Camino del Agua en la Alta Ribagorza,"Patrimonio histórico;Lagos, ríos y cascadas",Notable,Excursiones más exigentes o bien porque son más largas o con mayor desnivel o con alguna dificultad concreta.,"27,5 km",820,1.446,1.250m,8:50h,Área de la fuente de Mena,El Pont de Suert,https://www.rutaspirineos.org/rutas/camino-del-agua-pont-de-suert-caldes-de-boi,C:\Users\jessi\OneDrive\Escritorio\MÁSTER-UOC\TFM\TFM-Arquitectura-RAG\TFM-Arquitectura-RAG\download_pdf\RUTAS-PIRINEOS-camino-del-agua-pont-de-suert-caldes-de-boi_es.pdf,09/11/2025
España,Cataluña,Lérida,Alta Ribagorza,Pont de Suert y valle de Viu,Adons,Camino del Portús desde Adons,Paisajes pintorescos;Familias y niños,Media,Caminatas de distancia y desnivel moderados que no superan los 14 km de largo ni los 600m de desnivel.,"5,5 km",1.319,1.690,430m,2:10h,Adons,Adons,https://www.rutaspirineos.org/rutas/camino-del-portus-desde-adons,C:\Users\jessi\OneDrive\Escritorio\MÁSTER-UOC\TFM\TFM-Arquitectura-RAG\TFM-Arquitectura-RAG\download_pdf\RUTAS-PIRINEOS-camino-del-portus-desde-adons_es.pdf,09/11/2025
España,Cataluña,Lérida,Alta Ribagorza,Valle de Boí,Boí,Estany Llong y Portarró de Espot desde Aigüestortes,"Paisajes pintorescos;Familias y niños;Lagos, ríos y cascadas",Notable,Excursiones más exigentes o bien porque son más largas o con mayor desnivel o con alguna dificultad concreta.,"17,5 km",1.824,2.427,625m,5:30h,Caseta de Aigüestortes,Boí,https://www.rutaspirineos.org/rutas/aiguestortes-estany-llong-redo-portarro-espot,C:\Users\jessi\OneDrive\Escritorio\MÁSTER-UOC\TFM\TFM-Arquitectura-RAG\TFM-Arquitectura-RAG\download_pdf\RUTAS-PIRINEOS-aiguestortes-estany-llong-redo-portarro-espot_es.pdf,09/11/2025
España,Cataluña,Lérida,Alta Ribagorza,Valle de Boí,Boí,Lagos de Gémena en el valle de Llubriqueto,"Paisajes pintorescos;Lagos, ríos y cascadas",Notable,Excursiones más exigentes o bien porque son más largas o con mayor desnivel o con alguna dificultad concreta.,"9,3 km",1.497,2.300,803m,5:25h,Aparcamiento de Toirigo,Boí,https://www.rutaspirineos.org/rutas/estanys-de-gemena-en-el-valle-de-llubriqueto,C:\Users\jessi\OneDrive\Escritorio\MÁSTER-UOC\TFM\TFM-Arquitectura-RAG\TFM-Arquitectura-RAG\download_pdf\RUTAS-PIRINEOS-estanys-de-gemena-en-el-valle-de-llubriqueto_es.pdf,09/11/2025
España,Cataluña,Lérida,Alta Ribagorza,Valle de Boí,Boí,Lagos del Pessó desde el puente de la Ribera,"Lagos, ríos y cascadas;Paisajes pintorescos",Notable,Excursiones más exigentes o bien porque son más largas o con mayor desnivel o con alguna dificultad concreta.,"9,2 km",1.692,2.493,800m,6:00h,Pont de la Ribera,Taüll,https://www.rutaspirineos.org/rutas/estanys-del-pesso-vall-de-sant-marti-boi,C:\Users\jessi\OneDrive\Escritorio\MÁSTER-UOC\TFM\TFM-Arquitectura-RAG\TFM-Arquitectura-RAG\download_pdf\RUTAS-PIRINEOS-estanys-del-pesso-vall-de-sant-marti-boi_es.pdf,09/11/2025
España,Cataluña,Lérida,Alta Ribagorza,Valle de Boí,Boí,Montardo (2.833m) y Montardo Petit (2.781m) por Cavallers,Ascensiones alta montaña;Raquetas de nieve,Alta (F),"Rutas de alta montaña en terreno poco abrupto en el que no hay grandes dificultades. Precisa algo de experiencia y de entrenamiento suficiente para este tipo de terrenos. Puede ser necesario usar las manos para guardar el equilibrio en algún momento puntual. Se trata de itinerarios bastante fáciles con pendientes suaves (máximo 30-35°). F (Fácil) es ya un grado de dificultad, no se trata de dificultad 0.",19 km,1.730,2.883,+435m | +650m/-1.050m,2:15h | 5:35h,Embalse de Cavallers,Caldes de Boí,https://www.rutaspirineos.org/rutas/montardo-y-petit-montardo-por-cavallers,C:\Users\jessi\OneDrive\Escritorio\MÁSTER-UOC\TFM\TFM-Arquitectura-RAG\TFM-Arquitectura-RAG\download_pdf\RUTAS-PIRINEOS-montardo-y-petit-montardo-por-cavallers_es.pdf,09/11/2025
España,Cataluña,Lérida,Alta Ribagorza,Valle de Boí,Barruera,Paseo por el Salencar de Barruera,"Lagos, ríos y cascadas;Flora y fauna;Familias y niños",Baja,"Paseos cortos, con poco desnivel y sin dificultades.","3,2 km",1.082,1.095,13m,1:10h,Iglesia de Sant Feliu de Barruera,Barruera,https://www.rutaspirineos.org/rutas/el-salencar-de-barruera,C:\Users\jessi\OneDrive\Escritorio\MÁSTER-UOC\TFM\TFM-Arquitectura-RAG\TFM-Arquitectura-RAG\download_pdf\RUTAS-PIRINEOS-el-salencar-de-barruera_es.pdf,09/11/2025
España,Cataluña,Lérida,Alta Ribagorza,Valle de Boí,Boí,Planell de Aigüestortes y Estany de la Llebreta,"Paisajes pintorescos;Familias y niños;Lagos, ríos y cascadas;Flora y fauna",Notable,Excursiones más exigentes o bien porque son más largas o con mayor desnivel o con alguna dificultad concreta.,"14,6 km",1.380,1.830,500m,4:10h,Palanca de la Molina,Boí,https://www.rutaspirineos.org/rutas/ruta-de-la-lludriga-llebreta-planell-aiguestortes,C:\Users\jessi\OneDrive\Escritorio\MÁSTER-UOC\TFM\TFM-Arquitectura-RAG\TFM-Arquitectura-RAG\download_pdf\RUTAS-PIRINEOS-ruta-de-la-lludriga-llebreta-planell-aiguestortes_es.pdf,09/11/2025
España,Cataluña,Lérida,Alta Ribagorza,Valle de Barrabés (Lérida),Senet de Barrabés,Ruta de la fauna de Senet,Familias y niños;Rutas circulares;Flora y fauna,Media,Caminatas de distancia y desnivel moderados que no superan los 14 km de largo ni los 600m de desnivel.,"5,8 km",1.291,1.716,465m,2:00h,Centro de Información de Senet,Senet de Barrabés,https://www.rutaspirineos.org/rutas/ruta-de-la-fauna-senet-alta-ribagorca,C:\Users\jessi\OneDrive\Escritorio\MÁSTER-UOC\TFM\TFM-Arquitectura-RAG\TFM-Arquitectura-RAG\download_pdf\RUTAS-PIRINEOS-ruta-de-la-fauna-senet-alta-ribagorca_es.pdf,09/11/2025
España,Cataluña,Gerona,Alto Ampurdán,Cabo de Creus,Cadaqués,Camino Antiguo de Cadaqués al Cabo de Creus,"Paisajes pintorescos;Lagos, ríos y cascadas",Notable,Excursiones más exigentes o bien porque son más largas o con mayor desnivel o con alguna dificultad concreta.,"14,8 km",1,80,760m,4:00h,Paseo de Cadaqués,Cadaqués,https://www.rutaspirineos.org/rutas/cami-antic-cadaques-far-cap-de-creus,C:\Users\jessi\OneDrive\Escritorio\MÁSTER-UOC\TFM\TFM-Arquitectura-RAG\TFM-Arquitectura-RAG\download_pdf\RUTAS-PIRINEOS-cami-antic-cadaques-far-cap-de-creus_es.pdf,09/11/2025
España,Cataluña,Gerona,Alto Ampurdán,Cabo de Creus,Llançà,Carrerada de Sant Pere de Rodes,"Paisajes pintorescos;Lagos, ríos y cascadas;Patrimonio histórico;Rutas circulares",Media,Caminatas de distancia y desnivel moderados que no superan los 14 km de largo ni los 600m de desnivel.,"12,4 km",0,357,520m,4:15h,Oficina de Turismo de Llançà,Llançà,https://www.rutaspirineos.org/rutas/carrerada-de-sant-pere-de-rodes-llanca,C:\Users\jessi\OneDrive\Escritorio\MÁSTER-UOC\TFM\TFM-Arquitectura-RAG\TFM-Arquitectura-RAG\download_pdf\RUTAS-PIRINEOS-carrerada-de-sant-pere-de-rodes-llanca_es.pdf,09/11/2025
España,Cataluña,Gerona,Alto Ampurdán,Cabo de Creus,Port de la Selva,Castillo de Sant Salvador de Verdera desde Sant Pere de Rodes,Paisajes pintorescos;Patrimonio histórico;Ascensiones media montaña,Baja,"Paseos cortos, con poco desnivel y sin dificultades.","1,6 km",521,682,165m,0:35h,Monasterio Sant Pere de Rodes,Puerto de la Selva,https://www.rutaspirineos.org/rutas/castell-sant-salvador-de-verdera-des-de-sant-pere-de-rodes,C:\Users\jessi\OneDrive\Escritorio\MÁSTER-UOC\TFM\TFM-Arquitectura-RAG\TFM-Arquitectura-RAG\download_pdf\RUTAS-PIRINEOS-castell-sant-salvador-de-verdera-des-de-sant-pere-de-rodes_es.pdf,09/11/2025
España,Cataluña,Gerona,Alto Ampurdán,Cabo de Creus,Cadaqués,Faro de Cala Nans desde Cadaqués,"Paisajes pintorescos;Familias y niños;Lagos, ríos y cascadas",Baja,"Paseos cortos, con poco desnivel y sin dificultades.",5 km,13,86,180m,1:20h,Hotel Rocamar,Cadaqués,https://www.rutaspirineos.org/rutas/far-de-cala-nans-des-de-cadaques,C:\Users\jessi\OneDrive\Escritorio\MÁSTER-UOC\TFM\TFM-Arquitectura-RAG\TFM-Arquitectura-RAG\download_pdf\RUTAS-PIRINEOS-far-de-cala-nans-des-de-cadaques_es.pdf,09/11/2025
España,Cataluña,Gerona,Alto Ampurdán,Cabo de Creus,Palau-saverdera,Itinerario circular de Palau-saverdera a Sant Onofre,Patrimonio histórico;Rutas circulares,Media,Caminatas de distancia y desnivel moderados que no superan los 14 km de largo ni los 600m de desnivel.,"5,9 km",116,467,360m,1:50h,La Font de Dalt,Palau-saverdera,https://www.rutaspirineos.org/rutas/itinerari-ermita-sant-onofre-mas-ventos-palau-saverdera,C:\Users\jessi\OneDrive\Escritorio\MÁSTER-UOC\TFM\TFM-Arquitectura-RAG\TFM-Arquitectura-RAG\download_pdf\RUTAS-PIRINEOS-itinerari-ermita-sant-onofre-mas-ventos-palau-saverdera_es.pdf,09/11/2025
España,Cataluña,Gerona,Alto Ampurdán,La llanura ampurdanesa,Peralada,Itinerario circular de Peralada a Cabanes,Patrimonio histórico;Rutas circulares,Notable,Excursiones más exigentes o bien porque son más largas o con mayor desnivel o con alguna dificultad concreta.,"14,7 km",19,74,91m,3:25h,Plaza de la Peixateria,Peralada,https://www.rutaspirineos.org/rutas/itinerari-circular-de-peralada-a-cabanes,C:\Users\jessi\OneDrive\Escritorio\MÁSTER-UOC\TFM\TFM-Arquitectura-RAG\TFM-Arquitectura-RAG\download_pdf\RUTAS-PIRINEOS-itinerari-circular-de-peralada-a-cabanes_es.pdf,09/11/2025
España,Cataluña,Gerona,Alto Ampurdán,Las Salinas y la Albera,Capmany,Itinerario megalítico de Capmany,Patrimonio histórico;Rutas circulares,Media,Caminatas de distancia y desnivel moderados que no superan los 14 km de largo ni los 600m de desnivel.,"11,8 km",110,192,110m,2:50h,Plaza Mayor,Capmany,https://www.rutaspirineos.org/rutas/itinerari-megalitic-de-capmany,C:\Users\jessi\OneDrive\Escritorio\MÁSTER-UOC\TFM\TFM-Arquitectura-RAG\TFM-Arquitectura-RAG\download_pdf\RUTAS-PIRINEOS-itinerari-megalitic-de-capmany_es.pdf,09/11/2025
España,Cataluña,Gerona,Alto Ampurdán,Cabo de Creus,Palau-saverdera,Itinerario megalítico de la Fontasia en Palau-saverdera,Patrimonio histórico;Rutas circulares;Familias y niños,Baja,"Paseos cortos, con poco desnivel y sin dificultades.","2,8 km",116,253,150m,1:05h,La Font de Dalt,Palau-saverdera,https://www.rutaspirineos.org/rutas/itinerari-megalitic-fontasia-dolmens-palau-saverdera,C:\Users\jessi\OneDrive\Escritorio\MÁSTER-UOC\TFM\TFM-Arquitectura-RAG\TFM-Arquitectura-RAG\download_pdf\RUTAS-PIRINEOS-itinerari-megalitic-fontasia-dolmens-palau-saverdera_es.pdf,09/11/2025
España,Cataluña,Gerona,Alto Ampurdán,La llanura ampurdanesa,Castellón de Ampurias,La Reserva Integral de Les Llaunes,"Flora y fauna;Rutas circulares;Lagos, ríos y cascadas;Familias y niños",Baja,"Paseos cortos, con poco desnivel y sin dificultades.","8,2 km",1,2,2m,2:05h,El Cortalet,Castellón de Ampurias,https://www.rutaspirineos.org/rutas/al-voltant-de-la-reserva-integral-de-les-llaunes,C:\Users\jessi\OneDrive\Escritorio\MÁSTER-UOC\TFM\TFM-Arquitectura-RAG\TFM-Arquitectura-RAG\download_pdf\RUTAS-PIRINEOS-al-voltant-de-la-reserva-integral-de-les-llaunes_es.pdf,09/11/2025
España,Cataluña,Gerona,Alto Ampurdán,Cabo de Creus,Cadaqués,Montaña Negra de Cadaqués,Rutas circulares;Ascensiones media montaña;Patrimonio histórico,Media,Caminatas de distancia y desnivel moderados que no superan los 14 km de largo ni los 600m de desnivel.,10 km,3,433,470m,3:15h,Cadaqués - Edificio del Casino,Cadaqués,https://www.rutaspirineos.org/rutas/circular-a-la-muntanya-negra-des-de-cadaques,C:\Users\jessi\OneDrive\Escritorio\MÁSTER-UOC\TFM\TFM-Arquitectura-RAG\TFM-Arquitectura-RAG\download_pdf\RUTAS-PIRINEOS-circular-a-la-muntanya-negra-des-de-cadaques_es.pdf,09/11/2025
España,Cataluña,Gerona,Alto Ampurdán,Cabo de Creus,Cadaqués,Paseo por el Paraje de Tudela,"Paisajes pintorescos;Familias y niños;Lagos, ríos y cascadas",Baja,"Paseos cortos, con poco desnivel y sin dificultades.","5,6 km",5,66,150m,1:15h,Valla Paraje de Tudela,Cadaqués,https://www.rutaspirineos.org/rutas/paratge-de-tudela-cap-de-creus,C:\Users\jessi\OneDrive\Escritorio\MÁSTER-UOC\TFM\TFM-Arquitectura-RAG\TFM-Arquitectura-RAG\download_pdf\RUTAS-PIRINEOS-paratge-de-tudela-cap-de-creus_es.pdf,09/11/2025
España,Cataluña,Gerona,Alto Ampurdán,Cabo de Creus,Port de la Selva,Por los dominios de Sant Pere de Rodes,Paisajes pintorescos;Patrimonio histórico;Rutas circulares,Notable,Excursiones más exigentes o bien porque son más largas o con mayor desnivel o con alguna dificultad concreta.,"17,6 km",50,558,920m,5:35h,Ermita de Santa Helena,Puerto de la Selva,https://www.rutaspirineos.org/rutas/pels-dominis-de-sant-pere-de-rodes,C:\Users\jessi\OneDrive\Escritorio\MÁSTER-UOC\TFM\TFM-Arquitectura-RAG\TFM-Arquitectura-RAG\download_pdf\RUTAS-PIRINEOS-pels-dominis-de-sant-pere-de-rodes_es.pdf,09/11/2025
España,Cataluña,Gerona,Alto Ampurdán,Cabo de Creus,Rosas,Ruta circular por el Cap de Norfeu,Paisajes pintorescos;Familias y niños;Patrimonio histórico;Rutas circulares,Baja,"Paseos cortos, con poco desnivel y sin dificultades.","4,7 km",59,171,275m,1:40h,Collado del Canadell,Rosas,https://www.rutaspirineos.org/rutas/cap-de-norfeu-montjoi-joncols-roses,C:\Users\jessi\OneDrive\Escritorio\MÁSTER-UOC\TFM\TFM-Arquitectura-RAG\TFM-Arquitectura-RAG\download_pdf\RUTAS-PIRINEOS-cap-de-norfeu-montjoi-joncols-roses_es.pdf,09/11/2025
España,Cataluña,Gerona,Alto Ampurdán,Las Salinas y la Albera,La Vajol,Ruta del Exilio de La Vajol,Patrimonio histórico;Rutas circulares,Media,Caminatas de distancia y desnivel moderados que no superan los 14 km de largo ni los 600m de desnivel.,"12,7 km",511,720,464m,3:45h,Aparcamiento La Vajol,La Vajol,https://www.rutaspirineos.org/rutas/ruta-de-exili-de-la-vajol-les-illes,C:\Users\jessi\OneDrive\Escritorio\MÁSTER-UOC\TFM\TFM-Arquitectura-RAG\TFM-Arquitectura-RAG\download_pdf\RUTAS-PIRINEOS-ruta-de-exili-de-la-vajol-les-illes_es.pdf,09/11/2025
España,Cataluña,Gerona,Alto Ampurdán,Cabo de Creus,,GR 11 - Etapa 01: Cabo de Creus - El Puerto de la Selva,Rutas por etapas y GRs,Notable,Excursiones más exigentes o bien porque son más largas o con mayor desnivel o con alguna dificultad concreta.,"15,5 km",5,190,+550m / -565m,4:00h,,,https://www.rutaspirineos.org/rutas/gr-11-transpirenaica-etapa-01-cabo-de-creus-puerto-de-la-selva,C:\Users\jessi\OneDrive\Escritorio\MÁSTER-UOC\TFM\TFM-Arquitectura-RAG\TFM-Arquitectura-RAG\download_pdf\RUTAS-PIRINEOS-gr-11-transpirenaica-etapa-01-cabo-de-creus-puerto-de-la-selva_es.pdf,09/11/2025
España,Cataluña,Gerona,Alto Ampurdán,Cabo de Creus,,GR 11 - Etapa 02: El Puerto de la Selva - Vilamaniscle,Rutas por etapas y GRs,Notable,Excursiones más exigentes o bien porque son más largas o con mayor desnivel o con alguna dificultad concreta.,"21,1 km",5,515,+925m / -775m,6:00h,,,https://www.rutaspirineos.org/rutas/gr-11-transpirenaica-etapa-02-puerto-de-la-selva-vilamaniscle,C:\Users\jessi\OneDrive\Escritorio\MÁSTER-UOC\TFM\TFM-Arquitectura-RAG\TFM-Arquitectura-RAG\download_pdf\RUTAS-PIRINEOS-gr-11-transpirenaica-etapa-02-puerto-de-la-selva-vilamaniscle_es.pdf,09/11/2025
España,Cataluña,Gerona,Alto Ampurdán,Las Salinas y la Albera,,GR 11 - Etapa 03: Vilamaniscle - Requesens,Rutas por etapas y GRs,Notable,Excursiones más exigentes o bien porque son más largas o con mayor desnivel o con alguna dificultad concreta.,"29,0 km",100,700,+990m / -645m,8:30h,,,https://www.rutaspirineos.org/rutas/gr-11-transpirenaica-etapa-03-vilamaniscle-requesens,C:\Users\jessi\OneDrive\Escritorio\MÁSTER-UOC\TFM\TFM-Arquitectura-RAG\TFM-Arquitectura-RAG\download_pdf\RUTAS-PIRINEOS-gr-11-transpirenaica-etapa-03-vilamaniscle-requesens_es.pdf,09/11/2025
España,Cataluña,Gerona,Alto Ampurdán,Las Salinas y la Albera,,GR 11 - Etapa 04: Requesens - La Vajol,Rutas por etapas y GRs,Notable,Excursiones más exigentes o bien porque son más largas o con mayor desnivel o con alguna dificultad concreta.,"24,5 km",105,768,+ 915m / - 869m,7:00h,,,https://www.rutaspirineos.org/rutas/gr-11-transpirenaica-etapa-04-requesens-la-vajol,C:\Users\jessi\OneDrive\Escritorio\MÁSTER-UOC\TFM\TFM-Arquitectura-RAG\TFM-Arquitectura-RAG\download_pdf\RUTAS-PIRINEOS-gr-11-transpirenaica-etapa-04-requesens-la-vajol_es.pdf,09/11/2025
España,Cataluña,Gerona,Alto Ampurdán,Las Salinas y la Albera,,GR 11 - Etapa 05: La Vajol - Albanyà,Rutas por etapas y GRs,Notable,Excursiones más exigentes o bien porque son más largas o con mayor desnivel o con alguna dificultad concreta.,"25,5 km",220,703,+850m / -1.159m,7:40h,,,https://www.rutaspirineos.org/rutas/gr-11-transpirenaica-etapa-05-la-vajol-albanya,C:\Users\jessi\OneDrive\Escritorio\MÁSTER-UOC\TFM\TFM-Arquitectura-RAG\TFM-Arquitectura-RAG\download_pdf\RUTAS-PIRINEOS-gr-11-transpirenaica-etapa-05-la-vajol-albanya_es.pdf,09/11/2025
España,Cataluña,Barcelona,Garraf,Macizo del Garraf y sierra de Ordal,Olérdola,Circular por la Montaña de Olèrdola,Patrimonio histórico;Rutas circulares,Media,Caminatas de distancia y desnivel moderados que no superan los 14 km de largo ni los 600m de desnivel.,"7,6 km",169 ,340 ,+ 290 m / - 290 m,4:00 h,Conjunto Monumental Olèrdola,Sant Miquel d’Olèrdola,https://www.rutaspirineos.org/rutas/circular-castillo-olerdola,C:\Users\jessi\OneDrive\Escritorio\MÁSTER-UOC\TFM\TFM-Arquitectura-RAG\TFM-Arquitectura-RAG\download_pdf\RUTAS-PIRINEOS-circular-castillo-olerdola_es.pdf,09/11/2025
España,Cataluña,Lérida,Alto Urgel,La Montaña de Alinyà,Fígols y Alinyà,Aiguaneix de Alinyà,"Paisajes pintorescos;Familias y niños;Lagos, ríos y cascadas;Rutas circulares",Baja,"Paseos cortos, con poco desnivel y sin dificultades.","3,2 km",944,1.112,210m,1:15h,Puente de Ca la Rosalia,Alinyà,https://www.rutaspirineos.org/rutas/aiguaneix-alinya-urgell,C:\Users\jessi\OneDrive\Escritorio\MÁSTER-UOC\TFM\TFM-Arquitectura-RAG\TFM-Arquitectura-RAG\download_pdf\RUTAS-PIRINEOS-aiguaneix-alinya-urgell_es.pdf,09/11/2025
España,Cataluña,Lérida,Alto Urgel,La Vall de la Vansa,La Vansa y Fórnols,Ascensión a la Torreta de Cadí (2.562m),Paisajes pintorescos;Rutas circulares;Ascensiones media montaña,Alta (F),"Rutas de alta montaña en terreno poco abrupto en el que no hay grandes dificultades. Precisa algo de experiencia y de entrenamiento suficiente para este tipo de terrenos. Puede ser necesario usar las manos para guardar el equilibrio en algún momento puntual. Se trata de itinerarios bastante fáciles con pendientes suaves (máximo 30-35°). F (Fácil) es ya un grado de dificultad, no se trata de dificultad 0.","23,6 km",1.364,2.562,1.345m,7:05h,Iglesia de Sant Martí de Adraén,Adraén,https://www.rutaspirineos.org/rutas/torreta-de-cadi,C:\Users\jessi\OneDrive\Escritorio\MÁSTER-UOC\TFM\TFM-Arquitectura-RAG\TFM-Arquitectura-RAG\download_pdf\RUTAS-PIRINEOS-torreta-de-cadi_es.pdf,09/11/2025
España,Cataluña,Lérida,Alto Urgel,Urgellet,Cava,Cava y Querforadat en la cara norte del Cadí,Paisajes pintorescos;Patrimonio histórico;Rutas circulares,Media,Caminatas de distancia y desnivel moderados que no superan los 14 km de largo ni los 600m de desnivel.,"7,4 km",1296,1599,525m,2:30h,Cava,Cava,https://www.rutaspirineos.org/rutas/cava-querforadat-a-la-cara-nord-del-cadi,C:\Users\jessi\OneDrive\Escritorio\MÁSTER-UOC\TFM\TFM-Arquitectura-RAG\TFM-Arquitectura-RAG\download_pdf\RUTAS-PIRINEOS-cava-querforadat-a-la-cara-nord-del-cadi_es.pdf,09/11/2025
España,Cataluña,Lérida,Alto Urgel,Urgellet,Los Valles de Valira,Collado de Conflent en Os de Civís,Familias y niños;Patrimonio histórico,Media,Caminatas de distancia y desnivel moderados que no superan los 14 km de largo ni los 600m de desnivel.,"9,8 km",1.683,2.200,550m,3:00h,,Os de Civís,https://www.rutaspirineos.org/rutas/collada-de-conflent-os-de-civis,C:\Users\jessi\OneDrive\Escritorio\MÁSTER-UOC\TFM\TFM-Arquitectura-RAG\TFM-Arquitectura-RAG\download_pdf\RUTAS-PIRINEOS-collada-de-conflent-os-de-civis_es.pdf,09/11/2025
España,Cataluña,Lérida,Alto Urgel,La Vall de la Vansa,Josa i Tuixent,El Cadinell (2.113m) desde Josa de Cadí,Paisajes pintorescos;Ascensiones media montaña,Notable,Excursiones más exigentes o bien porque son más largas o con mayor desnivel o con alguna dificultad concreta.,"8,3 km",1.393,2.113,720m,3:30h,Entrada de Josa de Cadí,Josa de Cadí,https://www.rutaspirineos.org/rutas/el-cadinell-desde-josa-de-cadi,C:\Users\jessi\OneDrive\Escritorio\MÁSTER-UOC\TFM\TFM-Arquitectura-RAG\TFM-Arquitectura-RAG\download_pdf\RUTAS-PIRINEOS-el-cadinell-desde-josa-de-cadi_es.pdf,09/11/2025
España,Cataluña,Lérida,Alto Urgel,Urgellet,Organyà,La ermita de Santa Fe de Organyà,Patrimonio histórico;Familias y niños,Media,Caminatas de distancia y desnivel moderados que no superan los 14 km de largo ni los 600m de desnivel.,"8,1 km",558,1.210,660m,2:30h,Oficina de Turismo,Organyà,https://www.rutaspirineos.org/rutas/ermita-de-santa-fe-organya-urgell,C:\Users\jessi\OneDrive\Escritorio\MÁSTER-UOC\TFM\TFM-Arquitectura-RAG\TFM-Arquitectura-RAG\download_pdf\RUTAS-PIRINEOS-ermita-de-santa-fe-organya-urgell_es.pdf,09/11/2025
España,Cataluña,Lérida,Alto Urgel,Sierra de Aubenç y sierra de Sant Honorat,Peramola,La Font Viva desde Peramola,"Familias y niños;Lagos, ríos y cascadas",Baja,"Paseos cortos, con poco desnivel y sin dificultades.","5,8 km",568,678,144m,1:40h,Plaza Josep Roca de Peramola,Peramola,https://www.rutaspirineos.org/rutas/la-font-viva-peramola,C:\Users\jessi\OneDrive\Escritorio\MÁSTER-UOC\TFM\TFM-Arquitectura-RAG\TFM-Arquitectura-RAG\download_pdf\RUTAS-PIRINEOS-la-font-viva-peramola_es.pdf,09/11/2025
España,Cataluña,Lérida,Alto Urgel,Sierra de Aubenç y sierra de Sant Honorat,Peramola,Las fuentes de Peramola (''Camí de les Fonts''),"Lagos, ríos y cascadas;Familias y niños;Flora y fauna",Baja,"Paseos cortos, con poco desnivel y sin dificultades.","1,6 km",553,583,50m,0:37h,Plaza Josep Roca de Peramola,Peramola,https://www.rutaspirineos.org/rutas/les-fonts-de-peramola,C:\Users\jessi\OneDrive\Escritorio\MÁSTER-UOC\TFM\TFM-Arquitectura-RAG\TFM-Arquitectura-RAG\download_pdf\RUTAS-PIRINEOS-les-fonts-de-peramola_es.pdf,09/11/2025
España,Cataluña,Lérida,Alto Urgel,Urgellet,Montferrer y Castellbò,Por los bosques de Sant Joan de l'Erm,Familias y niños;Patrimonio histórico;Rutas circulares,Media,Caminatas de distancia y desnivel moderados que no superan los 14 km de largo ni los 600m de desnivel.,"9,9 km",1.489,1.936,475m,2:55h,Refugio de la Basseta,Castellbò,https://www.rutaspirineos.org/rutas/pels-boscos-de-sant-joan-de-lerm,C:\Users\jessi\OneDrive\Escritorio\MÁSTER-UOC\TFM\TFM-Arquitectura-RAG\TFM-Arquitectura-RAG\download_pdf\RUTAS-PIRINEOS-pels-boscos-de-sant-joan-de-lerm_es.pdf,09/11/2025
España,Cataluña,Lérida,Alto Urgel,Sierra de Aubenç y sierra de Sant Honorat,Peramola,Roca del Corb y Roc de Cogul desde Peramola,Patrimonio histórico;Rutas circulares;Ascensiones media montaña,Notable,Excursiones más exigentes o bien porque son más largas o con mayor desnivel o con alguna dificultad concreta.,"10,1 km",573,995,680m,3:45h,Lavadero de Peramola,Peramola,https://www.rutaspirineos.org/rutas/roca-del-corb-i-roc-de-cogul-des-de-peramola,C:\Users\jessi\OneDrive\Escritorio\MÁSTER-UOC\TFM\TFM-Arquitectura-RAG\TFM-Arquitectura-RAG\download_pdf\RUTAS-PIRINEOS-roca-del-corb-i-roc-de-cogul-des-de-peramola_es.pdf,09/11/2025
España,Cataluña,Lérida,Alto Urgel,Sierra de Aubenç y sierra de Sant Honorat,Peramola,Ruta circular por la sierra de Sant Honorat,Paisajes pintorescos;Rutas circulares;Familias y niños;Ascensiones media montaña,Media,Caminatas de distancia y desnivel moderados que no superan los 14 km de largo ni los 600m de desnivel.,"9,6 km",580,1.068,620m,3:45h,Hotel Can Boix de Peramola,Peramola,https://www.rutaspirineos.org/rutas/ruta-circular-serra-de-sant-honorat,C:\Users\jessi\OneDrive\Escritorio\MÁSTER-UOC\TFM\TFM-Arquitectura-RAG\TFM-Arquitectura-RAG\download_pdf\RUTAS-PIRINEOS-ruta-circular-serra-de-sant-honorat_es.pdf,09/11/2025
España,Cataluña,Barcelona,Anoia,Montserrat,El Bruc,Vuelta a las Agujas de Montserrat desde Can Maçana,Rutas circulares;Paisajes pintorescos;Familias y niños,Media,Caminatas de distancia y desnivel moderados que no superan los 14 km de largo ni los 600m de desnivel.,7 km,714 ,980 ,+ 500 m / - 500 m,3:05 h,Aparcamiento Coll Can Maçana,El Bruc,https://www.rutaspirineos.org/rutas/agulles-frares-encantats-montserrat-can-massana,C:\Users\jessi\OneDrive\Escritorio\MÁSTER-UOC\TFM\TFM-Arquitectura-RAG\TFM-Arquitectura-RAG\download_pdf\RUTAS-PIRINEOS-agulles-frares-encantats-montserrat-can-massana_es.pdf,09/11/2025
España,Cataluña,Barcelona,Bajo Llobregat,Sant Llorenç del Munt i l'Obac - El Cairat,Rocafort y Vilumara,Ruta a las Tinas del valle del Flequer,Rutas circulares;Patrimonio histórico;Familias y niños,Baja,"Paseos cortos, con poco desnivel y sin dificultades.",6 km,265 ,345 ,+ 130 m / - 130 m,2:00 h,Aparcamiento de Ca n’Oristrell,Pont de Vilomara,https://www.rutaspirineos.org/rutas/ruta-tines-valle-del-flequer,C:\Users\jessi\OneDrive\Escritorio\MÁSTER-UOC\TFM\TFM-Arquitectura-RAG\TFM-Arquitectura-RAG\download_pdf\RUTAS-PIRINEOS-ruta-tines-valle-del-flequer_es.pdf,09/11/2025
España,Cataluña,Gerona,Bajo Ampurdán,Macizo del Montgrí,Torroella de Montgrí y el Estartit,Castillo del Montgrí y zona de interès natural de les Dunes,"Patrimonio histórico;Lagos, ríos y cascadas;Rutas circulares;Ascensiones media montaña",Media,Caminatas de distancia y desnivel moderados que no superan los 14 km de largo ni los 600m de desnivel.,"9,7 km",15,311,400m,3:00h,Calle Camí de les Dunes,Torroella de Montgrí,https://www.rutaspirineos.org/rutas/castell-montgri-i-zona-interes-natural-de-les-dunes,C:\Users\jessi\OneDrive\Escritorio\MÁSTER-UOC\TFM\TFM-Arquitectura-RAG\TFM-Arquitectura-RAG\download_pdf\RUTAS-PIRINEOS-castell-montgri-i-zona-interes-natural-de-les-dunes_es.pdf,09/11/2025
España,Cataluña,Gerona,Bajo Ampurdán,Montañas de Begur,Palafrugell,De Llafranc a Tamariu por caminos tradicionales y de ronda,"Paisajes pintorescos;Familias y niños;Lagos, ríos y cascadas;Rutas circulares",Media,Caminatas de distancia y desnivel moderados que no superan los 14 km de largo ni los 600m de desnivel.,"11,7 km",0,162,420m,4:00h,Oficina de turismo de Llafranc,Llafranc,https://www.rutaspirineos.org/rutas/de-llafranc-a-tamariu-camins-tradicionals-ronda,C:\Users\jessi\OneDrive\Escritorio\MÁSTER-UOC\TFM\TFM-Arquitectura-RAG\TFM-Arquitectura-RAG\download_pdf\RUTAS-PIRINEOS-de-llafranc-a-tamariu-camins-tradicionals-ronda_es.pdf,09/11/2025
España,Cataluña,Gerona,Bajo Ampurdán,Ardenya-Cadiretes (Bajo Ampurdán),Santa Cristina de Aro,Els Carcaixells d'en Cama y el Montclar en la Ardenya,Paisajes pintorescos;Rutas circulares;Ascensiones media montaña,Notable,Excursiones más exigentes o bien porque son más largas o con mayor desnivel o con alguna dificultad concreta.,"6,2 km",67,401,410m,2:25h,Can Llaurador,Santa Cristina de Aro,https://www.rutaspirineos.org/rutas/els-carcaixells-en-cama-i-el-montclar-al-massis-de-ardenya,C:\Users\jessi\OneDrive\Escritorio\MÁSTER-UOC\TFM\TFM-Arquitectura-RAG\TFM-Arquitectura-RAG\download_pdf\RUTAS-PIRINEOS-els-carcaixells-en-cama-i-el-montclar-al-massis-de-ardenya_es.pdf,09/11/2025
España,Cataluña,Gerona,Bajo Ampurdán,Las Gavarres (Bajo Ampurdán),La Bisbal del Ampurdán,Iglesia y dólmenes de Fitor desde Fonteta,Patrimonio histórico;Rutas circulares,Notable,Excursiones más exigentes o bien porque son más largas o con mayor desnivel o con alguna dificultad concreta.,"15,8 km",75,287,400m,3:40h,Fonteta,Fonteta,https://www.rutaspirineos.org/rutas/esglesia-i-dolmens-de-fitor-a-les-gavarres-des-de-fonteta,C:\Users\jessi\OneDrive\Escritorio\MÁSTER-UOC\TFM\TFM-Arquitectura-RAG\TFM-Arquitectura-RAG\download_pdf\RUTAS-PIRINEOS-esglesia-i-dolmens-de-fitor-a-les-gavarres-des-de-fonteta_es.pdf,09/11/2025
España,Cataluña,Gerona,Bajo Ampurdán,Ardenya-Cadiretes (Bajo Ampurdán),Sant Feliu de Guíxols,Macizo de la Ardenya desde Sant Feliu de Guíxols,"Paisajes pintorescos;Rutas circulares;Lagos, ríos y cascadas",Notable,Excursiones más exigentes o bien porque son más largas o con mayor desnivel o con alguna dificultad concreta.,"17,5 km",3,373,480m,4:50h,Oficina de Turismo,Sant Feliu de Guíxols,https://www.rutaspirineos.org/rutas/massis-de-ardenya-des-de-sant-feliu-de-guixols,C:\Users\jessi\OneDrive\Escritorio\MÁSTER-UOC\TFM\TFM-Arquitectura-RAG\TFM-Arquitectura-RAG\download_pdf\RUTAS-PIRINEOS-massis-de-ardenya-des-de-sant-feliu-de-guixols_es.pdf,09/11/2025
España,Cataluña,Gerona,Bajo Ampurdán,Las Gavarres (Bajo Ampurdán),Calonge,Puig Cargol y la llanura de Calonge,Familias y niños;Rutas circulares;Ascensiones media montaña,Media,Caminatas de distancia y desnivel moderados que no superan los 14 km de largo ni los 600m de desnivel.,"11,2 km",24,357,411m,3:05h,Calonge,Calonge,https://www.rutaspirineos.org/rutas/puig-cargol-i-la-plana-calongina-des-de-calonge,C:\Users\jessi\OneDrive\Escritorio\MÁSTER-UOC\TFM\TFM-Arquitectura-RAG\TFM-Arquitectura-RAG\download_pdf\RUTAS-PIRINEOS-puig-cargol-i-la-plana-calongina-des-de-calonge_es.pdf,09/11/2025
España,Cataluña,Barcelona,Anoia,Montserrat,Monistrol de Montserrat,Ascensión a la Miranda de Sant Jeroni (1.236 m),Paisajes pintorescos;Ascensiones media montaña;Rutas circulares;Patrimonio histórico,Media,Caminatas de distancia y desnivel moderados que no superan los 14 km de largo ni los 600m de desnivel.,"10,1 km",705 ,1.236 ,565 m,4:00 h,Estación superior del cremallera,Monistrol de Montserrat,https://www.rutaspirineos.org/rutas/ascension-miranda-sant-jeroni-montserrat,C:\Users\jessi\OneDrive\Escritorio\MÁSTER-UOC\TFM\TFM-Arquitectura-RAG\TFM-Arquitectura-RAG\download_pdf\RUTAS-PIRINEOS-ascension-miranda-sant-jeroni-montserrat_es.pdf,09/11/2025
España,Cataluña,Barcelona,Bajo Llobregat,Sant Llorenç del Munt i l'Obac - El Cairat,Olesa de Montserrat,Subida a la ermita de Sant Salvador de les Espases,Patrimonio histórico;Familias y niños,Baja,"Paseos cortos, con poco desnivel y sin dificultades.","4,3 km",98 ,413 ,+350 m / -350 m,1:45 h,Camino de Can Tovella (La Puda),Olesa de Montserrat,https://www.rutaspirineos.org/rutas/ruta-sant-salvador-espases,C:\Users\jessi\OneDrive\Escritorio\MÁSTER-UOC\TFM\TFM-Arquitectura-RAG\TFM-Arquitectura-RAG\download_pdf\RUTAS-PIRINEOS-ruta-sant-salvador-espases_es.pdf,09/11/2025
España,Cataluña,Barcelona,Barcelonès,Collserola,Vallvidrera,De Vallvidrera al Tibidabo por la fuente de la Budellera,Patrimonio histórico;Familias y niños;Rutas circulares,Baja,"Paseos cortos, con poco desnivel y sin dificultades.","6,5 km",240 ,500 ,300 m,2:15 h,Centro del Parque Collserola,Vallvidrera,https://www.rutaspirineos.org/rutas/vallvidrera-tibidabo-fuente-budellera,C:\Users\jessi\OneDrive\Escritorio\MÁSTER-UOC\TFM\TFM-Arquitectura-RAG\TFM-Arquitectura-RAG\download_pdf\RUTAS-PIRINEOS-vallvidrera-tibidabo-fuente-budellera_es.pdf,09/11/2025
España,Cataluña,Barcelona,Berguedá,Alto Llobregat,Bagá,El Bullidor de la Llet,"Familias y niños;Lagos, ríos y cascadas",Baja,"Paseos cortos, con poco desnivel y sin dificultades.","2,4 km",910,1.032,130m,0:40h,Cal Cerdanyola,Bagá,https://www.rutaspirineos.org/rutas/bullidor-de-la-llet-baga-bergueda,C:\Users\jessi\OneDrive\Escritorio\MÁSTER-UOC\TFM\TFM-Arquitectura-RAG\TFM-Arquitectura-RAG\download_pdf\RUTAS-PIRINEOS-bullidor-de-la-llet-baga-bergueda_es.pdf,09/11/2025
España,Cataluña,Barcelona,Berguedá,Alto Llobregat,Cercs,El tranvía de sangre,"Patrimonio histórico;Lagos, ríos y cascadas",Notable,Excursiones más exigentes o bien porque son más largas o con mayor desnivel o con alguna dificultad concreta.,"19,3 km",712,798,317m,5:50h,Escuela de Sant Jordi de Cercs,Cercs,https://www.rutaspirineos.org/rutas/ruta-tramvia-de-sang-cercs-berga,C:\Users\jessi\OneDrive\Escritorio\MÁSTER-UOC\TFM\TFM-Arquitectura-RAG\TFM-Arquitectura-RAG\download_pdf\RUTAS-PIRINEOS-ruta-tramvia-de-sang-cercs-berga_es.pdf,09/11/2025
España,Cataluña,Barcelona,Berguedá,Bajo Berguedá,Puig-reig,Ermita y castillo de Merola desde la colonia de la Ametlla de Merola,"Lagos, ríos y cascadas;Patrimonio histórico",Media,Caminatas de distancia y desnivel moderados que no superan los 14 km de largo ni los 600m de desnivel.,"8,3 km",320 ,407 ,+172 m / - 172 m,2:50 h,Aparcamiento Ametlla de Merola,Navàs,https://www.rutaspirineos.org/rutas/ametlla-castillo-merola-bergueda,C:\Users\jessi\OneDrive\Escritorio\MÁSTER-UOC\TFM\TFM-Arquitectura-RAG\TFM-Arquitectura-RAG\download_pdf\RUTAS-PIRINEOS-ametlla-castillo-merola-bergueda_es.pdf,09/11/2025
España,Cataluña,Barcelona,Berguedá,Sierra de Ensija,Fígols,Gallina Pelada (2.317m) por Peguera,Rutas circulares;Ascensiones media montaña;Raquetas de nieve,Alta (F),"Rutas de alta montaña en terreno poco abrupto en el que no hay grandes dificultades. Precisa algo de experiencia y de entrenamiento suficiente para este tipo de terrenos. Puede ser necesario usar las manos para guardar el equilibrio en algún momento puntual. Se trata de itinerarios bastante fáciles con pendientes suaves (máximo 30-35°). F (Fácil) es ya un grado de dificultad, no se trata de dificultad 0.",13 km,1.580,2.317,800m,5:15h,Collado de la Creu de Fumanya,Fígols,https://www.rutaspirineos.org/rutas/gallina-pelada-por-peguera,C:\Users\jessi\OneDrive\Escritorio\MÁSTER-UOC\TFM\TFM-Arquitectura-RAG\TFM-Arquitectura-RAG\download_pdf\RUTAS-PIRINEOS-gallina-pelada-por-peguera_es.pdf,09/11/2025
España,Cataluña,Barcelona,Berguedá,Alto Llobregat,Bagá,Itinerario adaptado hasta el mirador de Els Orris,Movilidad reducida,,,,,,,,,,https://www.rutaspirineos.org/rutas/itinerario-adaptado-al-mirador-dels-orris,C:\Users\jessi\OneDrive\Escritorio\MÁSTER-UOC\TFM\TFM-Arquitectura-RAG\TFM-Arquitectura-RAG\download_pdf\RUTAS-PIRINEOS-itinerario-adaptado-al-mirador-dels-orris_es.pdf,09/11/2025
España,Cataluña,Barcelona,Berguedá,Alto Llobregat,Bagá,La Dou del Bastareny,"Familias y niños;Lagos, ríos y cascadas",Baja,"Paseos cortos, con poco desnivel y sin dificultades.","0,4 km",945,961,25m,0:10h,Puente de piedra del Bastareny,Bagá,https://www.rutaspirineos.org/rutas/la-dou-del-bastareny,C:\Users\jessi\OneDrive\Escritorio\MÁSTER-UOC\TFM\TFM-Arquitectura-RAG\TFM-Arquitectura-RAG\download_pdf\RUTAS-PIRINEOS-la-dou-del-bastareny_es.pdf,09/11/2025
España,Cataluña,Barcelona,Berguedá,Alto Llobregat,Sant Julià de Cerdanyola,La Olla de Sant Julià de Cerdanyola,Paisajes pintorescos;Rutas circulares,Notable,Excursiones más exigentes o bien porque son más largas o con mayor desnivel o con alguna dificultad concreta.,"15,6 km",939,1.658,1.021m,5:05h,Parada de autobús,Sant Julià de Cerdanyola,https://www.rutaspirineos.org/rutas/olla-de-sant-julia-de-cerdanyola-bergueda,C:\Users\jessi\OneDrive\Escritorio\MÁSTER-UOC\TFM\TFM-Arquitectura-RAG\TFM-Arquitectura-RAG\download_pdf\RUTAS-PIRINEOS-olla-de-sant-julia-de-cerdanyola-bergueda_es.pdf,09/11/2025
España,Cataluña,Barcelona,Berguedá,Alto Llobregat,La Pobla de Lillet,La vuelta al Catllarás,Patrimonio histórico;Rutas circulares,Notable,Excursiones más exigentes o bien porque son más largas o con mayor desnivel o con alguna dificultad concreta.,"17,1 km",839,1.695,1.014m,4:45h,La Pobla de Lillet,La Pobla de Lillet,https://www.rutaspirineos.org/rutas/la-volta-al-catllaras-bergueda,C:\Users\jessi\OneDrive\Escritorio\MÁSTER-UOC\TFM\TFM-Arquitectura-RAG\TFM-Arquitectura-RAG\download_pdf\RUTAS-PIRINEOS-la-volta-al-catllaras-bergueda_es.pdf,09/11/2025
España,Cataluña,Barcelona,Berguedá,Alto Llobregat,Castellar de n´Hug,Las fuentes del Llobregat,"Lagos, ríos y cascadas;Familias y niños",Baja,"Paseos cortos, con poco desnivel y sin dificultades.",2 km,1.270,1.372,102m,0:45h,Castellar de n'Hug,Castellar de n'Hug,https://www.rutaspirineos.org/rutas/las-fuentes-del-llobregat-en-castellar-de-nhug,C:\Users\jessi\OneDrive\Escritorio\MÁSTER-UOC\TFM\TFM-Arquitectura-RAG\TFM-Arquitectura-RAG\download_pdf\RUTAS-PIRINEOS-las-fuentes-del-llobregat-en-castellar-de-nhug_es.pdf,09/11/2025
España,Cataluña,Barcelona,Berguedá,Los valles de Saldes y Gósol,Gósol,Pedraforca (2.506m) desde Gósol,Ascensiones alta montaña;Paisajes pintorescos,Alta (F),"Rutas de alta montaña en terreno poco abrupto en el que no hay grandes dificultades. Precisa algo de experiencia y de entrenamiento suficiente para este tipo de terrenos. Puede ser necesario usar las manos para guardar el equilibrio en algún momento puntual. Se trata de itinerarios bastante fáciles con pendientes suaves (máximo 30-35°). F (Fácil) es ya un grado de dificultad, no se trata de dificultad 0.","8,4 km",1.415,2.506,1.100m,6:45h,Gósol - Hostal Cal Franciscó,Gósol,https://www.rutaspirineos.org/rutas/pedraforca-por-gosol-bergueda,C:\Users\jessi\OneDrive\Escritorio\MÁSTER-UOC\TFM\TFM-Arquitectura-RAG\TFM-Arquitectura-RAG\download_pdf\RUTAS-PIRINEOS-pedraforca-por-gosol-bergueda_es.pdf,09/11/2025
España,Cataluña,Barcelona,Berguedá,Los valles de Saldes y Gósol,Saldes,Pedraforca (2.506m) por el collado del Verdet y la Enforcadura,Rutas circulares;Paisajes pintorescos;Ascensiones alta montaña,Alta (PD),"Rutas de alta montaña con trepadas en terreno expuesto y de cierta dificultad, aunque en general hay buenos agarres para cogerse. Posibilidad de aristas y crestas estrechas y aéreas. El uso de la cuerda puede hacerse necesario en más de una ocasión. Pendientes de 40-45°.","8,1 km",1.573,2.506,1.100m,5:00h,Mirador del Gresolet,Saldes,https://www.rutaspirineos.org/rutas/pedraforca-pollego-superior-por-el-collado-del-verdet,C:\Users\jessi\OneDrive\Escritorio\MÁSTER-UOC\TFM\TFM-Arquitectura-RAG\TFM-Arquitectura-RAG\download_pdf\RUTAS-PIRINEOS-pedraforca-pollego-superior-por-el-collado-del-verdet_es.pdf,09/11/2025
España,Cataluña,Barcelona,Berguedá,Los valles de Saldes y Gósol,Gósol,Pedraforca 360,Paisajes pintorescos;Rutas circulares,Notable,Excursiones más exigentes o bien porque son más largas o con mayor desnivel o con alguna dificultad concreta.,17 km,1.403,1.844,759m,4:15h,Plaza Major,Gósol,https://www.rutaspirineos.org/rutas/circular-pedraforca-360-bergueda,C:\Users\jessi\OneDrive\Escritorio\MÁSTER-UOC\TFM\TFM-Arquitectura-RAG\TFM-Arquitectura-RAG\download_pdf\RUTAS-PIRINEOS-circular-pedraforca-360-bergueda_es.pdf,09/11/2025
España,Cataluña,Barcelona,Berguedá,Alto Llobregat,Vilada,Por los alrededores de Vilada en el Berguedá,"Patrimonio histórico;Lagos, ríos y cascadas;Rutas circulares",Notable,Excursiones más exigentes o bien porque son más largas o con mayor desnivel o con alguna dificultad concreta.,"14,8 km",629,1.038,670m,4:00h,Parc dels Gronxadors,Vilada,https://www.rutaspirineos.org/rutas/ruta-pels-entorns-de-vilada-bergueda,C:\Users\jessi\OneDrive\Escritorio\MÁSTER-UOC\TFM\TFM-Arquitectura-RAG\TFM-Arquitectura-RAG\download_pdf\RUTAS-PIRINEOS-ruta-pels-entorns-de-vilada-bergueda_es.pdf,09/11/2025
España,Cataluña,Barcelona,Berguedá,Bajo Berguedá,La Quar,Ruta circular por la Quar del Berguedá,Rutas circulares;Patrimonio histórico,Notable,Excursiones más exigentes o bien porque son más largas o con mayor desnivel o con alguna dificultad concreta.,"15,1 km",1.117,764,750m,4:10h,Sant Maurici de la Quar,La Quar,https://www.rutaspirineos.org/rutas/sant-maurici-la-quar-la-portella-bergueda,C:\Users\jessi\OneDrive\Escritorio\MÁSTER-UOC\TFM\TFM-Arquitectura-RAG\TFM-Arquitectura-RAG\download_pdf\RUTAS-PIRINEOS-sant-maurici-la-quar-la-portella-bergueda_es.pdf,09/11/2025
España,Cataluña,Barcelona,Berguedá,Sierra de Ensija,Fígols,Ruta circular por los Cingles de Vallcebre,Rutas circulares;Paisajes pintorescos,Notable,Excursiones más exigentes o bien porque son más largas o con mayor desnivel o con alguna dificultad concreta.,"16,25 km",956,1.308,900m,5:20h,Sant Corneli - H. Santa Bárbara,Sant Corneli de Cercs,https://www.rutaspirineos.org/rutas/cingles-de-vallcebre-desde-sant-corneli-de-cercs,C:\Users\jessi\OneDrive\Escritorio\MÁSTER-UOC\TFM\TFM-Arquitectura-RAG\TFM-Arquitectura-RAG\download_pdf\RUTAS-PIRINEOS-cingles-de-vallcebre-desde-sant-corneli-de-cercs_es.pdf,09/11/2025
España,Cataluña,Barcelona,Berguedá,Alto Llobregat,Bagá,Ruta del Trencapinyes y mirador de Els Orris,Familias y niños;Flora y fauna;Rutas circulares,Baja,"Paseos cortos, con poco desnivel y sin dificultades.","2,5 km",1.797,1.915,130m,0:40h,Parking Ruta Trencapinyes,Bagá,https://www.rutaspirineos.org/rutas/ruta-del-trencapinyes-al-mirador-dels-orris,C:\Users\jessi\OneDrive\Escritorio\MÁSTER-UOC\TFM\TFM-Arquitectura-RAG\TFM-Arquitectura-RAG\download_pdf\RUTAS-PIRINEOS-ruta-del-trencapinyes-al-mirador-dels-orris_es.pdf,09/11/2025
España,Cataluña,Barcelona,Berguedá,Bajo Berguedá,Berga,Santuario de Queralt desde Berga,Familias y niños;Patrimonio histórico;Rutas circulares,Media,Caminatas de distancia y desnivel moderados que no superan los 14 km de largo ni los 600m de desnivel.,"5,5 km",730,1.156,426m,2:20h,Plaza de Sant Francesc - Berga,Berga,https://www.rutaspirineos.org/rutas/santuario-de-queralt-desde-berga,C:\Users\jessi\OneDrive\Escritorio\MÁSTER-UOC\TFM\TFM-Arquitectura-RAG\TFM-Arquitectura-RAG\download_pdf\RUTAS-PIRINEOS-santuario-de-queralt-desde-berga_es.pdf,09/11/2025
España,Cataluña,Barcelona,Berguedá,Alto Llobregat,Bagá,Vía del Nicolau en el Alto Berguedá,Familias y niños;Patrimonio histórico,Media,Caminatas de distancia y desnivel moderados que no superan los 14 km de largo ni los 600m de desnivel.,12 km,739,947,265m,3:30h,Sant Joan del Avellanet,Bagá,https://www.rutaspirineos.org/rutas/via-nicolau-baga-sant-joan-avellanet,C:\Users\jessi\OneDrive\Escritorio\MÁSTER-UOC\TFM\TFM-Arquitectura-RAG\TFM-Arquitectura-RAG\download_pdf\RUTAS-PIRINEOS-via-nicolau-baga-sant-joan-avellanet_es.pdf,09/11/2025
España,Cataluña,Barcelona,Berguedá,Bajo Berguedá,Berga,Vía Verde de Cal Rosal a Pedret,"Familias y niños;Patrimonio histórico;Lagos, ríos y cascadas",Media,Caminatas de distancia y desnivel moderados que no superan los 14 km de largo ni los 600m de desnivel.,"10,5 km",486,586,110m,2:30h,Inicio vía verde - Cal Rosal,Berga,https://www.rutaspirineos.org/rutas/via-verda-cal-rosal-pedret-bergueda,C:\Users\jessi\OneDrive\Escritorio\MÁSTER-UOC\TFM\TFM-Arquitectura-RAG\TFM-Arquitectura-RAG\download_pdf\RUTAS-PIRINEOS-via-verda-cal-rosal-pedret-bergueda_es.pdf,09/11/2025
España,Cataluña,Gerona,Cerdaña (Gerona),Valle de la Cerdaña (Gerona),Alp,La Tosa (2.536m) desde Urús,Ascensiones media montaña,Notable,Excursiones más exigentes o bien porque son más largas o con mayor desnivel o con alguna dificultad concreta.,"17,3 km",1.264,2.536,1.350m,6:45h,Plaza Major de Urús,Urús,https://www.rutaspirineos.org/rutas/tosa-alp-des-de-urus-cerdanya,C:\Users\jessi\OneDrive\Escritorio\MÁSTER-UOC\TFM\TFM-Arquitectura-RAG\TFM-Arquitectura-RAG\download_pdf\RUTAS-PIRINEOS-tosa-alp-des-de-urus-cerdanya_es.pdf,09/11/2025
España,Cataluña,Gerona,Cerdaña (Gerona),Valle de la Cerdaña (Gerona),Meranges,Puigpedrós (2.915m) por Engorgs desde el refugio de Malniu,"Lagos, ríos y cascadas;Rutas circulares;Ascensiones alta montaña",Alta (F),"Rutas de alta montaña en terreno poco abrupto en el que no hay grandes dificultades. Precisa algo de experiencia y de entrenamiento suficiente para este tipo de terrenos. Puede ser necesario usar las manos para guardar el equilibrio en algún momento puntual. Se trata de itinerarios bastante fáciles con pendientes suaves (máximo 30-35°). F (Fácil) es ya un grado de dificultad, no se trata de dificultad 0.","13,1 km",2.130,2.915,900m,6:00h,Refugio de Malniu,Meranges,https://www.rutaspirineos.org/rutas/puigpedros-por-engorgs-desde-el-refugio-del-malniu,C:\Users\jessi\OneDrive\Escritorio\MÁSTER-UOC\TFM\TFM-Arquitectura-RAG\TFM-Arquitectura-RAG\download_pdf\RUTAS-PIRINEOS-puigpedros-por-engorgs-desde-el-refugio-del-malniu_es.pdf,09/11/2025
España,Cataluña,Gerona,Cerdaña (Gerona),Valle de la Cerdaña (Gerona),Meranges,Ruta al lago de Malniu,"Familias y niños;Lagos, ríos y cascadas",Baja,"Paseos cortos, con poco desnivel y sin dificultades.",3 km,2.126,2.250,140m,1:20h,Refugio de Malniu,Meranges,https://www.rutaspirineos.org/rutas/estanys-del-malniu-cerdanya-meranges,C:\Users\jessi\OneDrive\Escritorio\MÁSTER-UOC\TFM\TFM-Arquitectura-RAG\TFM-Arquitectura-RAG\download_pdf\RUTAS-PIRINEOS-estanys-del-malniu-cerdanya-meranges_es.pdf,09/11/2025
España,Cataluña,Lérida,Cerdaña (Lérida),Valle de la Cerdaña (Lérida),Lles de Cerdaña,Cascada del Molí del Salt desde Viliella,"Familias y niños;Lagos, ríos y cascadas",Baja,"Paseos cortos, con poco desnivel y sin dificultades.","3,6 km",1.490,1.572,82m,1:10h,Iglesia de Viliella,Viliella,https://www.rutaspirineos.org/rutas/cascada-del-moli-del-salt-desde-viliella,C:\Users\jessi\OneDrive\Escritorio\MÁSTER-UOC\TFM\TFM-Arquitectura-RAG\TFM-Arquitectura-RAG\download_pdf\RUTAS-PIRINEOS-cascada-del-moli-del-salt-desde-viliella_es.pdf,09/11/2025
España,Cataluña,Lérida,Cerdaña (Lérida),Valle de la Cerdaña (Lérida),Montellá y Martinet,Circular a Prat de Cadí por el collado de Pallers,Paisajes pintorescos;Familias y niños;Rutas circulares,Media,Caminatas de distancia y desnivel moderados que no superan los 14 km de largo ni los 600m de desnivel.,"8,3 km",1474,1831,472m,2:55h,Iglesia de Sant Climent,Estana,https://www.rutaspirineos.org/rutas/prat-de-cadi-pel-coll-de-pallers-estana,C:\Users\jessi\OneDrive\Escritorio\MÁSTER-UOC\TFM\TFM-Arquitectura-RAG\TFM-Arquitectura-RAG\download_pdf\RUTAS-PIRINEOS-prat-de-cadi-pel-coll-de-pallers-estana_es.pdf,09/11/2025
España,Cataluña,Lérida,Cerdaña (Lérida),Valle de la Cerdaña (Lérida),Lles de Cerdaña,Estany de l'Orri y refugio del Pradell,Raquetas de nieve;Familias y niños;Rutas circulares,Media,Caminatas de distancia y desnivel moderados que no superan los 14 km de largo ni los 600m de desnivel.,"6,7 km",1.956,2.328,400m,2:25h,Estación de esquí de Lles,Lles de Cerdaña,https://www.rutaspirineos.org/rutas/estany-de-orri-refugi-pradell-cap-de-rec-lles-de-cerdanya,C:\Users\jessi\OneDrive\Escritorio\MÁSTER-UOC\TFM\TFM-Arquitectura-RAG\TFM-Arquitectura-RAG\download_pdf\RUTAS-PIRINEOS-estany-de-orri-refugi-pradell-cap-de-rec-lles-de-cerdanya_es.pdf,09/11/2025
España,Cataluña,Lérida,Cerdaña (Lérida),Valle de la Cerdaña (Lérida),Lles de Cerdaña,Estanys de la Pera desde Pollineres,"Familias y niños;Rutas circulares;Lagos, ríos y cascadas",Baja,"Paseos cortos, con poco desnivel y sin dificultades.","5,4 km",2.140,2.390,275m,1:50h,Fuente de las Pollineres,Lles de Cerdaña,https://www.rutaspirineos.org/rutas/estanys-de-la-pera-pollineres-lles-cerdanya,C:\Users\jessi\OneDrive\Escritorio\MÁSTER-UOC\TFM\TFM-Arquitectura-RAG\TFM-Arquitectura-RAG\download_pdf\RUTAS-PIRINEOS-estanys-de-la-pera-pollineres-lles-cerdanya_es.pdf,09/11/2025
